"site","bagNo","round","age","block","germStart","germCount","viabStart","viabStain"
"BG",3,1,1,7,15,0,15,9
"BG",3,1,1,14,15,1,10,3
"BG",3,1,1,15,15,1,10,6
"BG",8,1,1,1,15,9,6,4
"BG",8,1,1,11,15,11,4,4
"BG",8,1,1,16,15,4,10,8
"BG",11,1,1,5,15,4,10,9
"BG",11,1,1,8,15,2,13,12
"BG",15,1,1,6,15,0,10,9
"BG",15,1,1,9,15,2,12,10
"BG",18,1,1,4,15,3,10,8
"BG",18,1,1,13,15,8,7,5
"BG",20,1,1,2,15,2,10,5
"BG",20,1,1,10,15,2,12,8
"BG",30,1,1,3,15,0,10,8
"BG",30,1,1,12,15,2,12,6
"BR",5,1,1,1,15,5,10,7
"BR",5,1,1,12,15,12,3,3
"BR",8,1,1,8,15,2,13,13
"BR",8,1,1,16,15,4,10,9
"BR",10,1,1,2,15,10,5,4
"BR",11,1,1,6,15,3,10,10
"BR",11,1,1,11,15,13,2,2
"BR",14,1,1,10,15,10,5,3
"BR",16,1,1,7,15,3,12,11
"BR",16,1,1,13,15,6,9,7
"BR",19,1,1,3,15,0,10,10
"BR",19,1,1,15,15,3,10,10
"BR",23,1,1,5,15,1,10,9
"BR",23,1,1,14,15,5,10,6
"BR",24,1,1,9,15,6,9,3
"BR",25,1,1,4,9,0,9,2
"CF",8,1,1,5,15,7,9,8
"CF",8,1,1,11,15,10,5,0
"CF",9,1,1,1,15,10,5,5
"CF",12,1,1,9,15,0,12,0
"CF",12,1,1,15,15,0,10,1
"CF",17,1,1,6,15,7,8,3
"CF",17,1,1,13,11,6,5,1
"CF",18,1,1,4,15,0,10,1
"CF",22,1,1,7,15,3,12,1
"CF",22,1,1,14,15,0,10,0
"CF",24,1,1,3,15,3,10,7
"CF",24,1,1,12,15,6,9,2
"CF",26,1,1,8,15,5,10,5
"CF",26,1,1,16,15,2,10,4
"CF",29,1,1,2,15,10,5,4
"CF",30,1,1,10,15,3,12,0
"CP3",3,1,1,1,15,5,10,10
"CP3",3,1,1,13,15,2,10,10
"CP3",7,1,1,6,15,3,10,9
"CP3",7,1,1,8,15,5,10,7
"CP3",13,1,1,4,15,2,10,9
"CP3",13,1,1,9,15,3,12,12
"CP3",13,1,1,15,15,5,10,10
"CP3",14,1,1,5,15,2,10,10
"CP3",14,1,1,14,15,8,7,6
"CP3",17,1,1,3,15,2,10,7
"CP3",17,1,1,10,15,9,4,3
"CP3",24,1,1,2,15,10,5,4
"CP3",24,1,1,12,15,10,5,5
"CP3",24,1,1,16,15,7,8,7
"CP3",28,1,1,7,15,8,7,7
"CP3",28,1,1,11,15,10,4,3
"DEM",2,1,1,3,15,12,3,3
"DEM",2,1,1,10,15,10,5,0
"DEM",4,1,1,8,15,5,10,3
"DEM",4,1,1,13,15,3,10,2
"DEM",11,1,1,6,15,0,9,7
"DEM",11,1,1,9,10,4,6,6
"DEM",13,1,1,4,15,6,9,8
"DEM",13,1,1,11,15,14,1,0
"DEM",14,1,1,1,15,1,10,3
"DEM",14,1,1,12,15,5,10,6
"DEM",15,1,1,2,15,9,6,6
"DEM",15,1,1,15,15,8,7,6
"DEM",15,1,1,16,12,8,4,4
"DEM",16,1,1,5,15,8,7,7
"DEM",21,1,1,7,15,2,13,0
"DEM",21,1,1,14,9,0,8,0
"DLW",2,1,1,1,15,3,10,8
"DLW",2,1,1,14,15,3,10,7
"DLW",4,1,1,3,15,10,5,3
"DLW",4,1,1,11,15,12,3,0
"DLW",6,1,1,8,11,4,7,7
"DLW",10,1,1,4,15,2,10,5
"DLW",10,1,1,12,6,4,2,1
"DLW",13,1,1,2,15,5,10,9
"DLW",13,1,1,15,15,5,10,9
"DLW",13,1,1,16,15,10,5,3
"DLW",23,1,1,7,2,2,0,NA
"DLW",24,1,1,6,15,2,10,9
"DLW",24,1,1,13,15,3,10,7
"DLW",26,1,1,9,13,1,12,9
"DLW",29,1,1,5,15,6,10,9
"DLW",29,1,1,10,14,5,10,4
"EC",2,1,1,3,15,0,10,5
"EC",9,1,1,5,15,1,10,8
"EC",9,1,1,13,7,2,5,4
"EC",11,1,1,8,15,10,5,4
"EC",11,1,1,12,6,5,1,1
"EC",14,1,1,6,15,1,10,9
"EC",14,1,1,10,15,6,9,1
"EC",17,1,1,4,15,2,10,2
"EC",23,1,1,9,15,3,12,10
"EC",23,1,1,11,15,9,6,5
"EC",24,1,1,7,15,1,13,6
"EC",24,1,1,16,15,4,10,4
"EC",25,1,1,1,15,8,7,7
"EC",25,1,1,15,11,2,9,5
"EC",27,1,1,2,15,5,10,6
"EC",27,1,1,14,6,0,6,3
"FR",1,1,1,9,15,10,6,4
"FR",4,1,1,7,15,8,7,6
"FR",4,1,1,11,11,10,1,1
"FR",7,1,1,4,15,4,10,9
"FR",7,1,1,13,15,11,4,4
"FR",8,1,1,1,15,2,10,9
"FR",8,1,1,14,15,4,10,8
"FR",15,1,1,5,15,2,10,9
"FR",15,1,1,16,15,10,5,4
"FR",27,1,1,8,15,7,8,8
"FR",27,1,1,10,15,8,8,1
"FR",28,1,1,6,15,1,8,5
"FR",28,1,1,12,15,4,11,10
"FR",29,1,1,2,15,6,9,9
"FR",30,1,1,3,15,1,10,2
"FR",30,1,1,15,15,3,10,3
"GCN",1,1,1,10,3,1,2,2
"GCN",3,1,1,4,13,0,10,5
"GCN",3,1,1,15,9,2,7,6
"GCN",4,1,1,1,15,2,10,8
"GCN",4,1,1,11,9,3,6,1
"GCN",8,1,1,8,8,2,6,5
"GCN",13,1,1,6,7,1,6,5
"GCN",20,1,1,5,15,2,9,9
"GCN",20,1,1,9,6,1,5,4
"GCN",20,1,1,14,4,2,2,1
"GCN",23,1,1,2,15,3,10,7
"GCN",23,1,1,12,12,4,7,6
"GCN",27,1,1,3,15,13,2,2
"GCN",29,1,1,7,15,1,14,2
"GCN",29,1,1,13,8,1,7,1
"KYE",1,1,1,8,15,2,13,12
"KYE",3,1,1,1,15,5,10,8
"KYE",3,1,1,13,15,10,6,5
"KYE",5,1,1,5,15,4,10,9
"KYE",5,1,1,11,15,11,4,4
"KYE",8,1,1,2,15,8,7,3
"KYE",8,1,1,14,15,5,10,7
"KYE",12,1,1,10,8,1,7,2
"KYE",15,1,1,4,15,5,10,7
"KYE",15,1,1,16,15,5,10,7
"KYE",19,1,1,9,15,6,9,9
"KYE",20,1,1,3,15,1,10,10
"KYE",20,1,1,15,15,0,10,9
"KYE",26,1,1,6,15,1,10,10
"KYE",26,1,1,12,15,10,5,3
"KYE",27,1,1,7,8,0,8,8
"LCE",3,1,1,1,15,4,10,9
"LCE",3,1,1,10,10,2,8,2
"LCE",6,1,1,4,15,2,10,9
"LCE",6,1,1,14,15,3,10,10
"LCE",7,1,1,9,15,1,12,10
"LCE",7,1,1,15,15,2,10,3
"LCE",8,1,1,2,2,1,1,0
"LCE",9,1,1,11,12,0,12,1
"LCE",12,1,1,7,15,3,12,8
"LCE",12,1,1,12,15,6,9,7
"LCE",14,1,1,3,5,3,2,1
"LCE",15,1,1,8,15,6,9,9
"LCE",15,1,1,13,15,3,10,7
"LCE",15,1,1,16,15,2,10,8
"LCE",19,1,1,5,10,0,10,2
"LCE",24,1,1,6,7,0,7,1
"LCW",1,1,1,7,15,7,8,6
"LCW",5,1,1,8,13,4,9,8
"LCW",6,1,1,4,15,3,10,8
"LCW",6,1,1,12,15,10,5,1
"LCW",8,1,1,6,15,2,10,10
"LCW",14,1,1,1,7,2,5,5
"LCW",14,1,1,14,3,0,4,0
"LCW",15,1,1,2,15,8,7,4
"LCW",17,1,1,9,15,7,8,7
"LCW",17,1,1,16,15,12,3,3
"LCW",26,1,1,5,15,5,10,7
"LCW",26,1,1,15,1,0,1,0
"LCW",27,1,1,10,15,12,4,2
"LCW",27,1,1,13,15,15,0,NA
"LCW",28,1,1,3,15,7,8,4
"LCW",28,1,1,11,9,3,6,1
"LO",2,1,1,1,15,2,10,10
"LO",2,1,1,14,15,4,10,9
"LO",3,1,1,2,15,7,8,8
"LO",5,1,1,4,15,9,6,5
"LO",6,1,1,9,15,4,11,10
"LO",8,1,1,7,15,11,4,3
"LO",8,1,1,16,1,0,NA,NA
"LO",9,1,1,5,15,5,10,9
"LO",9,1,1,13,15,9,6,6
"LO",12,1,1,10,15,7,8,4
"LO",12,1,1,12,15,5,10,8
"LO",14,1,1,6,15,0,10,2
"LO",17,1,1,8,15,6,9,8
"LO",22,1,1,3,15,3,10,9
"LO",22,1,1,15,15,2,10,8
"MC",3,1,1,7,14,3,7,0
"MC",4,1,1,1,15,8,7,7
"MC",4,1,1,13,15,4,10,8
"MC",5,1,1,3,15,4,10,10
"MC",5,1,1,15,15,1,10,9
"MC",7,1,1,8,15,6,9,9
"MC",7,1,1,11,15,14,1,1
"MC",13,1,1,9,15,8,7,6
"MC",13,1,1,16,12,6,5,4
"MC",15,1,1,2,15,6,9,9
"MC",15,1,1,14,15,8,6,5
"MC",17,1,1,4,15,3,10,9
"MC",28,1,1,10,4,3,2,0
"MC",29,1,1,6,15,3,10,8
"MC",30,1,1,5,15,5,10,10
"MC",30,1,1,12,4,1,3,3
"OKRE",1,1,1,9,15,2,12,12
"OKRE",5,1,1,1,15,5,10,8
"OKRE",6,1,1,8,15,10,5,5
"OKRE",6,1,1,13,15,10,5,5
"OKRE",9,1,1,4,15,2,10,8
"OKRE",9,1,1,11,14,7,7,7
"OKRE",10,1,1,7,15,3,12,11
"OKRE",10,1,1,14,15,8,7,6
"OKRE",11,1,1,3,15,4,10,10
"OKRE",11,1,1,15,15,3,10,10
"OKRE",14,1,1,2,14,4,10,10
"OKRE",15,1,1,5,15,0,10,10
"OKRE",15,1,1,12,15,4,11,11
"OKRE",20,1,1,6,15,4,10,9
"OKRE",20,1,1,16,15,4,10,9
"OKRE",21,1,1,10,15,5,10,5
"OKRW",4,1,1,6,15,0,10,9
"OKRW",4,1,1,15,2,1,1,1
"OKRW",9,1,1,10,15,10,5,0
"OKRW",10,1,1,1,15,7,8,7
"OKRW",11,1,1,9,15,3,11,10
"OKRW",11,1,1,11,15,8,7,6
"OKRW",16,1,1,5,15,4,10,10
"OKRW",16,1,1,14,15,8,7,7
"OKRW",18,1,1,8,15,0,15,15
"OKRW",18,1,1,16,15,6,8,7
"OKRW",25,1,1,3,15,4,10,9
"OKRW",25,1,1,4,8,0,8,3
"OKRW",25,1,1,12,15,9,6,4
"OKRW",29,1,1,2,3,0,3,0
"OKRW",30,1,1,7,15,2,13,13
"OKRW",30,1,1,13,13,7,6,6
"OSR",1,1,1,1,7,1,6,4
"OSR",1,1,1,14,2,1,0,NA
"OSR",2,1,1,3,9,5,4,3
"OSR",6,1,1,5,15,8,7,7
"OSR",6,1,1,12,15,12,3,0
"OSR",6,1,1,15,15,6,9,5
"OSR",6,1,1,16,15,12,3,2
"OSR",12,1,1,2,15,7,8,5
"OSR",12,1,1,11,7,3,4,0
"OSR",14,1,1,10,7,5,2,1
"OSR",15,1,1,8,15,7,8,3
"OSR",15,1,1,13,5,2,3,2
"OSR",20,1,1,9,13,5,7,6
"OSR",22,1,1,7,5,2,3,3
"OSR",27,1,1,4,2,2,0,NA
"OSR",28,1,1,6,13,4,9,6
"S22",3,1,1,5,15,0,10,10
"S22",3,1,1,15,15,0,10,8
"S22",5,1,1,8,15,2,13,11
"S22",5,1,1,10,15,0,12,7
"S22",8,1,1,4,15,1,10,10
"S22",8,1,1,12,15,6,9,8
"S22",9,1,1,7,15,0,15,13
"S22",10,1,1,9,15,0,12,12
"S22",19,1,1,6,15,0,10,8
"S22",19,1,1,16,15,2,10,6
"S22",22,1,1,3,15,2,10,10
"S22",22,1,1,13,3,1,2,2
"S22",24,1,1,1,15,4,10,7
"S22",24,1,1,14,15,6,9,8
"S22",30,1,1,2,15,2,10,7
"S22",30,1,1,11,14,5,9,3
"SM",5,1,1,6,15,1,10,8
"SM",5,1,1,15,15,4,10,7
"SM",9,1,1,4,15,0,10,9
"SM",9,1,1,11,15,8,7,7
"SM",18,1,1,5,15,1,10,9
"SM",18,1,1,12,15,3,12,9
"SM",20,1,1,3,15,2,10,9
"SM",20,1,1,16,15,2,10,8
"SM",21,1,1,8,10,1,10,2
"SM",25,1,1,1,15,5,10,9
"SM",25,1,1,14,15,6,8,6
"SM",28,1,1,2,15,5,10,10
"SM",28,1,1,13,15,4,10,9
"SM",29,1,1,9,15,0,12,3
"SM",29,1,1,10,15,1,12,0
"SM",31,1,1,7,9,1,8,2
"URS",6,1,1,3,15,4,10,10
"URS",6,1,1,14,15,6,9,6
"URS",7,1,1,7,15,1,14,14
"URS",7,1,1,9,15,1,12,11
"URS",7,1,1,16,15,1,10,9
"URS",15,1,1,6,15,2,7,7
"URS",15,1,1,8,15,5,10,9
"URS",17,1,1,4,15,6,9,5
"URS",17,1,1,11,4,2,2,0
"URS",23,1,1,1,15,3,10,5
"URS",23,1,1,12,15,12,3,2
"URS",25,1,1,5,15,2,10,4
"URS",25,1,1,13,15,1,10,1
"URS",25,1,1,15,15,1,10,2
"URS",28,1,1,2,15,3,10,1
"URS",28,1,1,10,15,3,12,2
"BG",5,1,2,2,13,10,1,1
"BG",5,1,2,11,15,9,6,2
"BG",6,1,2,3,12,6,6,2
"BG",6,1,2,12,10,3,7,2
"BG",6,1,2,15,13,5,8,3
"BG",12,1,2,5,15,2,10,5
"BG",14,1,2,4,6,0,6,0
"BG",19,1,2,6,15,4,7,4
"BG",19,1,2,14,14,0,10,6
"BG",23,1,2,1,3,1,2,2
"BR",1,1,2,5,15,9,6,2
"BR",3,1,2,1,15,11,4,4
"BR",6,1,2,8,15,11,4,4
"BR",9,1,2,4,15,11,4,4
"BR",9,1,2,12,12,8,4,4
"BR",18,1,2,7,15,3,10,1
"BR",21,1,2,3,9,4,4,0
"BR",26,1,2,9,15,10,5,0
"BR",26,1,2,14,15,12,3,2
"BR",28,1,2,2,15,12,3,1
"BR",28,1,2,15,13,7,6,4
"BR",30,1,2,6,13,1,10,2
"CF",1,1,2,3,15,10,5,3
"CF",2,1,2,4,15,12,3,3
"CF",2,1,2,12,14,13,1,0
"CF",5,1,2,8,15,15,0,NA
"CF",5,1,2,15,14,13,1,0
"CF",10,1,2,6,15,1,10,0
"CF",11,1,2,1,15,10,5,4
"CF",11,1,2,11,15,11,4,2
"CF",15,1,2,2,15,13,2,1
"CF",16,1,2,5,15,15,0,NA
"CF",25,1,2,9,15,9,6,0
"CF",25,1,2,14,15,9,6,0
"CF",27,1,2,7,15,13,2,0
"CP3",2,1,2,7,6,0,6,0
"CP3",4,1,2,1,15,1,10,0
"CP3",4,1,2,9,15,0,10,1
"CP3",12,1,2,5,15,10,5,1
"CP3",12,1,2,12,14,10,4,3
"CP3",12,1,2,15,15,7,8,0
"CP3",18,1,2,14,15,12,3,1
"CP3",20,1,2,3,15,4,9,1
"CP3",20,1,2,11,15,3,10,8
"CP3",21,1,2,4,15,0,10,0
"CP3",25,1,2,6,6,0,6,2
"CP3",25,1,2,8,15,11,4,4
"CP3",29,1,2,2,15,13,2,0
"DEM",5,1,2,1,12,5,7,5
"DEM",5,1,2,7,15,12,3,1
"DEM",7,1,2,3,15,10,5,5
"DEM",9,1,2,4,10,6,4,2
"DEM",10,1,2,5,15,7,5,2
"DEM",10,1,2,11,1,0,1,0
"DEM",17,1,2,2,15,13,2,1
"DEM",17,1,2,14,15,10,5,2
"DEM",20,1,2,6,15,15,0,NA
"DEM",20,1,2,12,15,15,0,NA
"DEM",20,1,2,15,9,9,0,NA
"DLW",1,1,2,6,15,15,0,NA
"DLW",1,1,2,11,4,3,1,0
"DLW",11,1,2,7,13,5,8,1
"DLW",14,1,2,2,15,10,5,3
"DLW",14,1,2,12,6,3,3,3
"DLW",16,1,2,1,11,3,7,3
"DLW",18,1,2,5,12,4,8,1
"DLW",25,1,2,8,15,14,1,1
"DLW",25,1,2,14,15,11,3,3
"DLW",25,1,2,15,14,13,1,0
"DLW",27,1,2,4,11,3,8,7
"DLW",30,1,2,3,4,2,2,2
"EC",3,1,2,2,15,5,4,2
"EC",3,1,2,15,14,1,10,2
"EC",4,1,2,1,15,9,6,4
"EC",4,1,2,9,1,0,1,0
"EC",6,1,2,3,3,2,1,0
"EC",8,1,2,7,15,11,4,1
"EC",8,1,2,12,6,4,2,0
"EC",12,1,2,5,15,8,6,5
"EC",12,1,2,14,9,4,4,0
"EC",19,1,2,4,15,6,6,5
"EC",28,1,2,8,15,13,2,2
"EC",28,1,2,11,14,10,4,3
"EC",29,1,2,6,15,7,8,8
"FR",2,1,2,7,15,7,8,7
"FR",2,1,2,15,15,5,10,4
"FR",3,1,2,3,15,13,2,0
"FR",3,1,2,14,15,12,3,3
"FR",5,1,2,1,9,4,5,4
"FR",10,1,2,8,15,12,3,3
"FR",17,1,2,2,15,12,3,3
"FR",19,1,2,6,6,0,6,0
"FR",21,1,2,5,15,10,4,3
"FR",21,1,2,12,15,12,3,2
"FR",26,1,2,4,15,11,4,4
"FR",26,1,2,11,8,4,3,0
"GCN",6,1,2,2,15,9,6,6
"GCN",6,1,2,14,10,5,5,4
"GCN",11,1,2,5,15,11,3,3
"GCN",12,1,2,9,15,11,4,4
"GCN",12,1,2,15,15,13,2,2
"GCN",18,1,2,3,15,2,10,4
"GCN",21,1,2,6,15,7,8,6
"GCN",21,1,2,11,5,2,3,3
"GCN",22,1,2,4,15,10,5,5
"GCN",24,1,2,7,15,11,2,2
"GCN",24,1,2,12,15,8,7,5
"GCN",25,1,2,1,10,6,4,4
"GCN",26,1,2,8,4,3,1,1
"KYE",2,1,2,5,15,5,9,4
"KYE",2,1,2,15,14,8,6,1
"KYE",7,1,2,6,15,10,5,2
"KYE",10,1,2,1,15,3,10,9
"KYE",13,1,2,3,9,3,6,1
"KYE",14,1,2,8,15,10,5,3
"KYE",14,1,2,11,15,9,6,4
"KYE",16,1,2,2,15,11,4,2
"KYE",16,1,2,12,15,11,4,3
"KYE",18,1,2,4,15,12,3,1
"KYE",22,1,2,7,15,8,7,5
"KYE",30,1,2,9,15,8,7,6
"KYE",30,1,2,14,15,7,8,8
"LCE",13,1,2,9,1,1,0,NA
"LCE",16,1,2,2,15,5,10,8
"LCE",16,1,2,11,6,1,5,3
"LCE",17,1,2,8,15,1,9,5
"LCE",18,1,2,7,4,2,0,NA
"LCE",23,1,2,1,15,4,10,5
"LCE",25,1,2,5,15,8,4,2
"LCE",25,1,2,14,4,0,4,3
"LCE",26,1,2,4,15,6,10,0
"LCE",26,1,2,15,3,0,3,0
"LCE",29,1,2,3,15,3,10,2
"LCE",30,1,2,6,15,8,10,7
"LCE",30,1,2,12,15,3,10,6
"LCW",3,1,2,4,6,2,2,0
"LCW",4,1,2,2,15,12,3,3
"LCW",4,1,2,14,15,13,2,2
"LCW",10,1,2,6,13,9,4,0
"LCW",10,1,2,12,15,8,5,2
"LCW",16,1,2,1,15,0,10,2
"LCW",16,1,2,11,6,4,2,0
"LCW",19,1,2,8,14,11,3,0
"LCW",20,1,2,7,15,12,3,1
"LCW",20,1,2,15,15,14,1,0
"LCW",22,1,2,5,6,3,3,3
"LCW",29,1,2,1,15,5,7,4
"LCW",29,1,2,9,15,8,7,1
"LO",4,1,2,5,15,1,10,6
"LO",15,1,2,2,6,1,5,4
"LO",16,1,2,1,6,2,4,3
"LO",18,1,2,7,15,5,10,4
"LO",18,1,2,11,10,4,6,6
"LO",23,1,2,6,3,1,2,0
"LO",24,1,2,9,15,9,6,4
"LO",24,1,2,14,15,11,4,2
"LO",25,1,2,3,15,11,4,2
"LO",25,1,2,12,2,0,2,0
"LO",27,1,2,8,15,3,10,6
"LO",29,1,2,4,15,2,10,5
"LO",29,1,2,15,4,0,4,1
"MC",2,1,2,11,15,0,10,4
"MC",11,1,2,4,15,11,4,4
"MC",12,1,2,5,15,6,3,3
"MC",12,1,2,14,15,7,7,4
"MC",14,1,2,2,15,7,7,4
"MC",19,1,2,6,15,7,8,1
"MC",19,1,2,12,2,0,2,0
"MC",21,1,2,3,15,8,7,5
"MC",21,1,2,9,15,10,5,1
"MC",21,1,2,15,14,5,9,8
"MC",23,1,2,8,15,12,7,1
"MC",26,1,2,7,15,11,4,2
"OKRE",2,1,2,9,15,14,1,0
"OKRE",4,1,2,3,7,3,4,0
"OKRE",8,1,2,5,15,6,9,7
"OKRE",12,1,2,2,15,11,4,3
"OKRE",12,1,2,14,15,9,6,3
"OKRE",17,1,2,7,15,15,0,NA
"OKRE",19,1,2,8,14,13,1,1
"OKRE",22,1,2,4,15,14,2,0
"OKRE",22,1,2,12,15,9,5,0
"OKRE",27,1,2,6,15,12,3,0
"OKRE",27,1,2,15,15,13,1,0
"OKRE",28,1,2,1,15,4,9,8
"OKRE",28,1,2,11,15,11,4,4
"OKRW",2,1,2,4,15,0,10,3
"OKRW",2,1,2,12,15,0,10,1
"OKRW",6,1,2,6,15,8,7,6
"OKRW",6,1,2,15,15,9,6,5
"OKRW",13,1,2,5,7,2,5,4
"OKRW",19,1,2,7,15,13,4,0
"OKRW",19,1,2,11,7,2,5,3
"OKRW",20,1,2,8,10,5,5,3
"OKRW",21,1,2,3,5,2,3,1
"OKRW",26,1,2,9,15,14,1,0
"OKRW",26,1,2,14,15,4,10,10
"OKRW",27,1,2,1,5,2,3,3
"OSR",3,1,2,2,15,14,1,0
"OSR",3,1,2,14,2,1,1,1
"OSR",7,1,2,6,4,3,1,1
"OSR",10,1,2,4,7,3,4,0
"OSR",17,1,2,5,15,12,1,0
"OSR",17,1,2,12,15,6,10,4
"OSR",17,1,2,15,13,9,3,2
"OSR",18,1,2,8,8,6,2,0
"OSR",23,1,2,1,15,3,10,5
"OSR",23,1,2,9,5,0,5,0
"OSR",25,1,2,3,15,11,4,4
"OSR",25,1,2,11,11,0,10,2
"OSR",30,1,2,7,15,15,0,NA
"S22",1,1,2,5,15,5,9,8
"S22",1,1,2,15,9,1,8,6
"S22",2,1,2,8,15,0,10,3
"S22",2,1,2,11,9,0,9,5
"S22",7,1,2,4,15,4,10,8
"S22",11,1,2,6,4,2,2,2
"S22",17,1,2,1,15,2,10,5
"S22",17,1,2,9,15,3,10,7
"S22",20,1,2,3,15,1,10,6
"S22",20,1,2,12,15,0,10,8
"S22",25,1,2,7,15,0,10,2
"S22",25,1,2,14,8,0,7,0
"S22",26,1,2,2,13,4,9,7
"SM",3,1,2,4,15,1,10,2
"SM",6,1,2,2,15,2,10,9
"SM",6,1,2,12,14,5,8,3
"SM",7,1,2,3,15,5,9,9
"SM",7,1,2,15,7,1,6,3
"SM",11,1,2,7,15,5,10,10
"SM",11,1,2,11,3,2,1,0
"SM",12,1,2,5,15,7,8,5
"SM",12,1,2,14,12,2,9,2
"SM",16,1,2,6,15,8,5,5
"SM",19,1,2,8,15,5,10,4
"SM",27,1,2,1,12,1,10,0
"URS",2,1,2,2,1,0,1,0
"URS",3,1,2,3,2,0,2,1
"URS",13,1,2,1,15,8,8,3
"URS",13,1,2,6,15,7,8,1
"URS",16,1,2,5,12,3,8,3
"URS",26,1,2,4,7,4,3,0
"BG",16,1,3,2,1,1,0,NA
"BG",24,1,3,3,8,5,2,1
"BG",27,1,3,1,13,12,1,0
"BR",2,1,3,8,3,2,1,0
"BR",4,1,3,2,7,2,5,2
"BR",7,1,3,6,1,0,1,0
"BR",12,1,3,4,15,4,10,0
"BR",12,1,3,11,15,4,10,0
"BR",13,1,3,3,15,6,8,4
"BR",13,1,3,10,15,5,10,1
"BR",15,1,3,9,15,14,1,1
"BR",15,1,3,13,11,11,0,NA
"BR",22,1,3,5,3,0,3,1
"BR",27,1,3,7,14,10,4,2
"BR",27,1,3,12,15,13,2,0
"CF",4,1,3,3,1,1,0,NA
"CF",6,1,3,6,7,4,3,3
"CF",7,1,3,2,14,14,0,NA
"CF",7,1,3,11,3,2,3,0
"CF",14,1,3,10,1,1,0,NA
"CF",19,1,3,4,5,3,1,0
"CF",20,1,3,5,7,7,0,NA
"CF",21,1,3,7,7,7,0,NA
"CF",23,1,3,8,15,12,3,2
"CF",23,1,3,12,15,15,0,NA
"CF",28,1,3,9,2,1,1,0
"CP3",1,1,3,4,7,1,6,4
"CP3",6,1,3,5,15,12,3,2
"CP3",10,1,3,1,2,1,1,1
"CP3",107,1,3,2,3,0,3,0
"CP3",22,1,3,7,15,13,2,0
"CP3",22,1,3,8,15,12,3,1
"CP3",22,1,3,9,15,12,3,0
"CP3",22,1,3,10,4,2,2,1
"CP3",26,1,3,6,13,1,10,7
"CP3",27,1,3,3,9,0,8,0
"DEM",1,1,3,5,15,8,7,1
"DEM",3,1,3,1,15,11,4,3
"DEM",3,1,3,6,1,1,0,NA
"DEM",6,1,3,3,2,0,2,0
"DEM",22,1,3,2,5,3,2,0
"DEM",24,1,3,4,8,8,0,NA
"DLW",3,1,3,1,15,0,10,1
"DLW",3,1,3,8,15,0,10,1
"DLW",3,1,3,10,7,0,7,0
"DLW",7,1,3,2,9,8,1,1
"DLW",8,1,3,6,12,6,6,2
"DLW",15,1,3,3,8,6,2,2
"DLW",19,1,3,4,9,4,5,1
"DLW",22,1,3,7,15,13,2,1
"DLW",22,1,3,9,1,0,1,0
"EC",7,1,3,2,3,0,3,2
"EC",10,1,3,3,15,13,2,0
"EC",13,1,3,6,1,0,1,1
"EC",15,1,3,4,8,2,5,0
"EC",16,1,3,1,2,0,2,1
"EC",26,1,3,5,3,0,3,2
"FR",6,1,3,3,15,0,10,1
"FR",6,1,3,7,15,0,10,0
"FR",6,1,3,8,2,0,2,0
"FR",11,1,3,4,4,4,0,NA
"FR",20,1,3,1,4,3,0,NA
"FR",22,1,3,2,15,13,1,1
"FR",22,1,3,6,1,1,0,NA
"GCN",2,1,3,6,12,0,10,2
"GCN",9,1,3,3,14,10,4,2
"GCN",10,1,3,7,15,10,5,3
"GCN",10,1,3,11,15,10,5,4
"GCN",10,1,3,13,15,13,2,0
"GCN",14,1,3,4,15,5,10,5
"GCN",14,1,3,9,4,2,2,1
"GCN",15,1,3,5,15,8,7,5
"GCN",15,1,3,10,15,10,5,3
"GCN",15,1,3,12,15,12,3,2
"GCN",17,1,3,2,2,1,1,1
"GCN",19,1,3,1,15,7,8,6
"GCN",19,1,3,8,7,7,0,NA
"KYE",4,1,3,2,15,11,4,4
"KYE",4,1,3,10,15,8,7,3
"KYE",6,1,3,9,1,0,1,0
"KYE",9,1,3,3,15,5,10,3
"KYE",9,1,3,11,15,6,9,7
"KYE",11,1,3,4,15,8,7,3
"KYE",11,1,3,12,15,8,7,4
"KYE",17,1,3,6,15,12,3,3
"KYE",17,1,3,14,15,13,2,1
"KYE",21,1,3,8,3,1,2,2
"KYE",25,1,3,5,15,0,10,1
"KYE",25,1,3,13,15,0,10,2
"KYE",28,1,3,7,13,4,9,9
"KYE",29,1,3,1,1,0,1,1
"LCE",1,1,3,6,15,1,10,10
"LCE",1,1,3,12,9,7,2,1
"LCE",2,1,3,5,15,0,10,1
"LCE",2,1,3,11,15,0,10,0
"LCE",103,1,3,4,15,11,4,3
"LCE",103,1,3,10,15,12,3,2
"LCE",4,1,3,9,2,0,2,0
"LCE",10,1,3,8,15,7,8,2
"LCE",10,1,3,13,14,8,6,0
"LCE",11,1,3,3,1,1,0,NA
"LCE",20,1,3,2,6,2,4,0
"LCE",22,1,3,7,8,0,8,0
"LCE",27,1,3,1,9,1,6,0
"LCW",7,1,3,2,15,8,7,4
"LCW",7,1,3,8,1,1,0,NA
"LCW",11,1,3,5,7,6,1,1
"LCW",13,1,3,6,5,1,4,2
"LCW",25,1,3,1,6,3,3,1
"LCW",30,1,3,4,3,1,2,2
"LCW",100,1,3,3,9,5,4,0
"LO",1,1,3,5,4,4,0,NA
"LO",7,1,3,6,1,0,1,0
"LO",10,1,3,4,15,1,10,2
"LO",10,1,3,11,15,1,10,2
"LO",13,1,3,3,12,3,9,6
"LO",19,1,3,8,15,0,10,1
"LO",19,1,3,12,5,0,5,0
"LO",20,1,3,1,15,0,9,0
"LO",20,1,3,10,15,0,10,0
"LO",26,1,3,2,5,0,5,0
"LO",28,1,3,9,3,0,3,0
"LO",30,1,3,7,10,0,10,1
"MC",1,1,3,5,3,3,0,NA
"MC",6,1,3,9,11,9,2,0
"MC",9,1,3,7,15,7,8,4
"MC",9,1,3,11,15,11,4,1
"MC",9,1,3,13,4,3,1,0
"MC",10,1,3,3,2,1,1,0
"MC",16,1,3,6,2,1,1,0
"MC",18,1,3,4,3,0,3,3
"MC",20,1,3,8,1,1,0,NA
"MC",22,1,3,2,8,3,2,2
"MC",27,1,3,1,15,10,4,4
"MC",27,1,3,10,2,0,2,0
"OKRE",3,1,3,2,7,7,0,NA
"OKRE",7,1,3,9,8,7,1,0
"OKRE",13,1,3,8,15,13,2,2
"OKRE",13,1,3,14,10,9,1,0
"OKRE",16,1,3,7,14,10,4,4
"OKRE",16,1,3,13,2,2,0,NA
"OKRE",18,1,3,5,15,9,6,4
"OKRE",18,1,3,11,8,5,3,2
"OKRE",23,1,3,3,7,2,5,3
"OKRE",24,1,3,6,15,10,5,3
"OKRE",24,1,3,12,15,15,0,NA
"OKRE",26,1,3,1,11,6,5,0
"OKRE",30,1,3,4,15,9,6,2
"OKRE",30,1,3,10,15,9,6,5
"OKRW",3,1,3,1,9,5,4,1
"OKRW",5,1,3,5,5,3,2,2
"OKRW",5,1,3,8,15,12,3,0
"OKRW",5,1,3,9,9,8,1,0
"OKRW",7,1,3,6,1,0,1,0
"OKRW",8,1,3,3,2,0,2,1
"OKRW",14,1,3,2,2,0,2,0
"OKRW",22,1,3,7,8,6,2,1
"OKRW",24,1,3,4,5,1,4,4
"OSR",4,1,3,2,1,1,0,NA
"OSR",5,1,3,8,1,0,1,0
"OSR",8,1,3,9,8,6,1,0
"OSR",9,1,3,1,6,3,3,2
"OSR",11,1,3,3,8,5,3,2
"OSR",13,1,3,4,2,1,1,0
"OSR",19,1,3,7,3,0,3,0
"OSR",21,1,3,5,3,1,2,2
"OSR",29,1,3,6,15,13,2,2
"OSR",29,1,3,10,5,3,2,0
"S22",6,1,3,6,15,1,10,8
"S22",6,1,3,11,7,5,2,2
"S22",12,1,3,5,8,1,6,2
"S22",14,1,3,8,4,0,3,0
"S22",15,1,3,1,15,6,9,9
"S22",15,1,3,9,14,5,8,2
"S22",16,1,3,7,15,15,0,NA
"S22",16,1,3,12,15,12,3,1
"S22",18,1,3,4,15,0,10,5
"S22",18,1,3,10,15,1,10,5
"S22",21,1,3,2,6,0,5,5
"S22",31,1,3,3,13,5,8,4
"SM",1,1,3,9,15,2,10,6
"SM",2,1,3,7,15,0,10,0
"SM",2,1,3,14,15,0,10,0
"SM",103,1,3,3,15,4,10,1
"SM",4,1,3,5,15,0,10,3
"SM",4,1,3,13,15,0,10,2
"SM",8,1,3,1,14,5,9,9
"SM",14,1,3,2,15,0,10,3
"SM",14,1,3,11,8,0,8,5
"SM",17,1,3,4,15,0,10,1
"SM",17,1,3,12,10,0,10,0
"SM",22,1,3,10,12,1,10,0
"SM",23,1,3,6,10,5,5,3
"SM",26,1,3,8,13,4,9,7
"URS",5,1,3,4,14,11,3,3
"URS",5,1,3,6,15,8,7,6
"URS",5,1,3,7,14,9,5,2
"URS",5,1,3,8,11,7,4,2
"URS",8,1,3,1,4,0,4,0
"URS",10,1,3,3,9,0,6,2
"URS",20,1,3,2,11,1,9,3
"BG",41,2,1,9,15,10,5,1
"BG",41,2,1,15,14,4,10,6
"BG",42,2,1,5,15,3,10,3
"BG",45,2,1,2,15,5,10,2
"BG",45,2,1,11,15,1,10,1
"BG",49,2,1,10,15,9,6,2
"BG",50,2,1,1,15,2,10,10
"BG",51,2,1,6,15,6,9,5
"BG",52,2,1,3,13,6,7,5
"BG",52,2,1,12,15,3,10,3
"BG",57,2,1,8,15,5,10,5
"BG",57,2,1,14,15,9,6,2
"BG",58,2,1,4,15,14,1,1
"BG",59,2,1,7,15,14,1,0
"BR",40,2,1,9,15,12,3,3
"BR",44,2,1,8,15,0,10,0
"BR",47,2,1,5,15,7,8,7
"BR",49,2,1,10,15,9,6,5
"BR",50,2,1,4,15,4,9,2
"BR",50,2,1,6,15,10,5,3
"BR",50,2,1,15,15,0,10,3
"BR",52,2,1,7,15,12,3,2
"BR",53,2,1,1,15,3,10,9
"BR",53,2,1,12,15,13,2,2
"BR",56,2,1,2,15,4,10,10
"BR",56,2,1,14,15,4,10,2
"BR",57,2,1,3,15,0,10,10
"BR",57,2,1,11,4,0,4,0
"CF",40,2,1,10,15,11,4,1
"CF",42,2,1,8,15,8,7,7
"CF",45,2,1,9,15,13,2,0
"CF",48,2,1,2,15,12,3,3
"CF",48,2,1,12,14,14,0,NA
"CF",50,2,1,5,15,10,5,2
"CF",51,2,1,6,15,12,3,1
"CF",54,2,1,7,15,12,3,0
"CF",54,2,1,11,15,9,5,2
"CF",55,2,1,1,15,10,5,3
"CF",57,2,1,4,15,14,1,1
"CF",57,2,1,14,15,10,4,1
"CF",59,2,1,3,15,12,3,2
"CF",59,2,1,15,15,14,1,1
"CP3",41,2,1,9,15,7,7,5
"CP3",44,2,1,6,15,6,9,7
"CP3",44,2,1,11,11,2,9,5
"CP3",45,2,1,10,15,3,10,10
"CP3",45,2,1,14,15,5,10,4
"CP3",49,2,1,2,15,3,10,7
"CP3",52,2,1,4,15,11,3,3
"CP3",52,2,1,15,15,7,8,5
"CP3",53,2,1,3,15,3,10,10
"CP3",54,2,1,1,15,6,9,6
"CP3",55,2,1,7,15,9,6,5
"CP3",57,2,1,5,15,3,10,10
"CP3",57,2,1,12,15,8,7,6
"CP3",59,2,1,8,15,1,10,10
"DEM",40,2,1,4,15,13,2,0
"DEM",40,2,1,14,15,11,4,2
"DEM",44,2,1,8,15,10,5,4
"DEM",45,2,1,2,15,12,3,0
"DEM",45,2,1,15,15,13,2,0
"DEM",47,2,1,5,15,11,4,3
"DEM",49,2,1,1,15,7,8,1
"DEM",49,2,1,10,15,11,4,0
"DEM",52,2,1,6,15,11,3,0
"DEM",54,2,1,9,15,12,3,0
"DEM",55,2,1,7,15,14,1,0
"DEM",55,2,1,11,15,12,3,2
"DEM",57,2,1,3,15,13,2,1
"DEM",57,2,1,12,15,12,3,0
"DLW",40,2,1,5,15,2,10,10
"DLW",40,2,1,12,15,2,10,8
"DLW",42,2,1,3,15,10,5,5
"DLW",44,2,1,9,15,14,1,1
"DLW",44,2,1,15,15,9,6,3
"DLW",46,2,1,4,15,13,2,1
"DLW",49,2,1,1,15,12,3,3
"DLW",49,2,1,10,15,12,3,1
"DLW",50,2,1,6,15,12,3,2
"DLW",50,2,1,11,15,8,7,5
"DLW",52,2,1,7,15,14,1,0
"DLW",55,2,1,8,15,14,1,0
"DLW",56,2,1,2,15,14,1,0
"DLW",56,2,1,14,15,7,7,4
"EC",40,2,1,3,15,3,10,8
"EC",42,2,1,4,15,3,9,3
"EC",45,2,1,8,15,8,7,6
"EC",45,2,1,14,15,2,10,3
"EC",47,2,1,9,15,0,10,0
"EC",50,2,1,2,15,6,9,5
"EC",50,2,1,11,15,2,10,4
"EC",51,2,1,6,15,12,3,3
"EC",51,2,1,12,15,8,7,3
"EC",54,2,1,1,15,4,10,5
"EC",56,2,1,10,15,15,0,NA
"EC",58,2,1,5,15,4,10,9
"EC",58,2,1,15,15,10,5,5
"EC",59,2,1,7,15,8,7,6
"FR",40,2,1,6,15,15,0,NA
"FR",40,2,1,12,15,15,0,NA
"FR",44,2,1,5,15,11,4,4
"FR",44,2,1,11,15,12,3,3
"FR",46,2,1,3,15,14,1,1
"FR",50,2,1,1,15,11,4,2
"FR",50,2,1,9,15,13,2,1
"FR",52,2,1,7,15,13,2,1
"FR",54,2,1,2,15,9,6,5
"FR",54,2,1,14,15,11,4,1
"FR",55,2,1,4,15,13,2,2
"FR",55,2,1,15,15,12,3,1
"FR",59,2,1,8,15,13,2,1
"GCN",40,2,1,6,15,9,6,2
"GCN",40,2,1,11,7,2,5,3
"GCN",42,2,1,10,15,0,10,0
"GCN",46,2,1,9,15,7,8,5
"GCN",48,2,1,5,15,4,10,10
"GCN",50,2,1,7,15,5,10,9
"GCN",50,2,1,12,15,10,5,5
"GCN",53,2,1,3,15,3,10,9
"GCN",53,2,1,15,15,10,4,0
"GCN",54,2,1,8,15,7,8,2
"GCN",54,2,1,14,15,3,10,4
"GCN",55,2,1,2,15,10,5,4
"GCN",56,2,1,1,15,6,9,6
"GCN",58,2,1,4,15,14,1,1
"KYE",40,2,1,2,15,3,10,9
"KYE",40,2,1,15,15,9,6,6
"KYE",44,2,1,3,15,10,5,4
"KYE",47,2,1,4,15,1,10,7
"KYE",48,2,1,1,15,1,10,10
"KYE",51,2,1,5,15,0,10,9
"KYE",51,2,1,14,15,6,9,3
"KYE",52,2,1,6,15,10,5,4
"KYE",52,2,1,12,15,9,6,4
"KYE",54,2,1,10,15,10,5,4
"KYE",55,2,1,7,15,6,8,1
"KYE",55,2,1,11,15,3,10,0
"KYE",56,2,1,8,15,2,10,7
"KYE",57,2,1,9,15,6,9,3
"LCE",41,2,1,2,15,11,3,3
"LCE",41,2,1,14,15,8,7,3
"LCE",44,2,1,3,14,14,0,NA
"LCE",47,2,1,4,15,2,10,5
"LCE",47,2,1,12,15,4,10,7
"LCE",49,2,1,7,15,15,0,NA
"LCE",51,2,1,5,15,8,7,7
"LCE",51,2,1,15,15,10,4,1
"LCE",52,2,1,9,15,7,8,6
"LCE",54,2,1,1,15,5,10,10
"LCE",55,2,1,6,15,3,9,0
"LCE",56,2,1,10,15,0,10,4
"LCE",58,2,1,8,15,8,7,6
"LCE",58,2,1,11,7,6,1,0
"LCW",41,2,1,2,15,3,10,8
"LCW",44,2,1,10,15,9,6,5
"LCW",46,2,1,8,15,3,10,8
"LCW",46,2,1,15,15,12,3,1
"LCW",48,2,1,9,15,14,1,1
"LCW",48,2,1,14,15,9,6,0
"LCW",50,2,1,4,15,11,2,0
"LCW",51,2,1,6,15,12,3,3
"LCW",54,2,1,5,15,9,6,5
"LCW",55,2,1,1,15,9,5,3
"LCW",55,2,1,11,15,10,5,4
"LCW",56,2,1,7,15,12,3,3
"LCW",56,2,1,12,15,9,6,5
"LCW",57,2,1,3,15,5,10,5
"LO",40,2,1,6,15,15,0,NA
"LO",40,2,1,14,15,9,6,4
"LO",43,2,1,1,15,8,7,4
"LO",43,2,1,10,12,6,6,4
"LO",45,2,1,2,6,5,1,1
"LO",51,2,1,9,15,4,10,10
"LO",51,2,1,15,15,13,2,1
"LO",53,2,1,7,15,14,1,0
"LO",54,2,1,5,15,12,3,3
"LO",56,2,1,3,15,9,6,4
"LO",56,2,1,11,14,6,8,5
"LO",57,2,1,8,15,10,5,4
"LO",59,2,1,4,15,11,3,0
"LO",59,2,1,12,15,9,6,5
"MC",41,2,1,7,15,14,1,1
"MC",41,2,1,11,15,12,3,2
"MC",42,2,1,9,15,14,1,0
"MC",46,2,1,5,15,9,6,4
"MC",46,2,1,12,15,12,3,1
"MC",48,2,1,6,15,15,0,NA
"MC",48,2,1,14,15,14,1,0
"MC",51,2,1,2,15,6,9,8
"MC",54,2,1,3,15,7,8,8
"MC",56,2,1,4,15,14,1,1
"MC",56,2,1,15,14,13,1,1
"MC",57,2,1,8,15,14,1,1
"MC",58,2,1,1,15,11,4,2
"MC",58,2,1,10,15,15,0,NA
"OKRE",43,2,1,9,15,11,3,2
"OKRE",42,2,1,10,15,11,4,1
"OKRE",44,2,1,5,15,14,1,1
"OKRE",44,2,1,15,15,14,1,0
"OKRE",46,2,1,8,15,8,7,3
"OKRE",49,2,1,11,15,9,6,6
"OKRE",50,2,1,7,15,10,5,2
"OKRE",51,2,1,3,15,2,10,9
"OKRE",53,2,1,6,15,15,0,NA
"OKRE",53,2,1,12,15,11,4,3
"OKRE",55,2,1,2,15,13,2,0
"OKRE",57,2,1,4,15,12,4,3
"OKRE",57,2,1,14,15,11,4,1
"OKRE",58,2,1,1,15,10,5,5
"OKRW",42,2,1,8,15,10,5,4
"OKRW",43,2,1,6,15,13,2,2
"OKRW",47,2,1,1,15,10,4,4
"OKRW",48,2,1,2,15,6,8,4
"OKRW",48,2,1,11,3,2,1,1
"OKRW",50,2,1,9,15,0,10,6
"OKRW",51,2,1,10,15,13,2,2
"OKRW",53,2,1,7,15,11,4,4
"OKRW",55,2,1,5,15,7,8,8
"OKRW",55,2,1,15,15,11,4,4
"OKRW",57,2,1,4,15,11,3,2
"OKRW",57,2,1,12,15,15,0,NA
"OKRW",58,2,1,3,15,10,5,4
"OKRW",58,2,1,14,15,14,1,0
"OSR",40,2,1,1,15,12,3,0
"OSR",40,2,1,14,15,7,6,1
"OSR",43,2,1,8,15,11,4,1
"OSR",47,2,1,10,15,7,7,4
"OSR",48,2,1,3,15,4,10,9
"OSR",51,2,1,7,15,14,1,0
"OSR",53,2,1,2,15,11,4,4
"OSR",53,2,1,12,15,12,3,2
"OSR",54,2,1,9,15,13,2,0
"OSR",55,2,1,5,15,15,0,NA
"OSR",55,2,1,15,15,11,4,1
"OSR",57,2,1,4,15,10,4,3
"OSR",59,2,1,6,15,15,0,NA
"S22",40,2,1,9,15,1,10,9
"S22",44,2,1,2,15,1,10,9
"S22",44,2,1,15,15,10,5,4
"S22",46,2,1,3,15,1,10,7
"S22",49,2,1,7,15,2,10,10
"S22",50,2,1,6,15,0,10,9
"S22",53,2,1,1,15,2,10,9
"S22",53,2,1,12,15,1,10,10
"S22",54,2,1,8,15,1,10,10
"S22",54,2,1,11,4,0,4,3
"S22",55,2,1,4,15,2,9,8
"S22",56,2,1,5,15,2,10,10
"S22",58,2,1,10,15,0,10,10
"S22",58,2,1,14,15,2,9,5
"SM",41,2,1,2,15,0,10,8
"SM",42,2,1,6,15,5,10,8
"SM",44,2,1,7,15,0,10,8
"SM",44,2,1,14,15,1,10,7
"SM",49,2,1,8,15,0,10,1
"SM",49,2,1,11,15,1,10,1
"SM",50,2,1,5,15,3,10,9
"SM",51,2,1,9,15,4,10,8
"SM",53,2,1,1,15,4,10,7
"SM",55,2,1,3,15,3,10,8
"SM",55,2,1,12,15,0,10,9
"SM",56,2,1,10,15,0,10,10
"SM",58,2,1,4,15,1,10,0
"SM",58,2,1,15,13,0,10,0
"URS",40,2,1,6,15,14,1,1
"URS",42,2,1,8,15,7,8,8
"URS",46,2,1,7,15,1,10,1
"URS",46,2,1,15,15,0,10,1
"URS",49,2,1,5,15,9,6,5
"URS",49,2,1,11,8,6,2,1
"URS",51,2,1,4,15,9,5,3
"URS",51,2,1,12,7,5,2,1
"URS",52,2,1,1,15,9,6,5
"URS",52,2,1,10,15,13,2,0
"URS",53,2,1,3,15,12,3,3
"URS",55,2,1,2,15,9,6,1
"URS",55,2,1,14,15,8,7,2
"URS",58,2,1,9,15,13,2,0
"BG",40,2,2,1,5,3,2,0
"BG",43,2,2,4,3,2,1,1
"BG",44,2,2,6,15,14,1,1
"BG",44,2,2,12,15,15,0,NA
"BG",46,2,2,10,15,8,7,6
"BG",46,2,2,16,9,4,5,4
"BG",47,2,2,2,15,9,6,1
"BG",48,2,2,3,2,0,2,0
"BG",53,2,2,9,15,4,10,1
"BG",53,2,2,15,15,6,9,0
"BG",54,2,2,5,15,9,6,1
"BG",54,2,2,11,15,11,4,1
"BG",55,2,2,7,15,11,4,3
"BG",55,2,2,13,15,15,0,NA
"BG",56,2,2,8,15,8,7,1
"BG",56,2,2,14,15,12,3,2
"BR",41,2,2,4,15,3,10,2
"BR",41,2,2,13,8,2,6,0
"BR",42,2,2,5,15,12,3,3
"BR",42,2,2,14,15,15,0,NA
"BR",43,2,2,7,15,11,4,0
"BR",43,2,2,16,15,13,2,1
"BR",45,2,2,6,15,14,1,1
"BR",45,2,2,15,15,15,0,NA
"BR",46,2,2,1,15,0,9,0
"BR",46,2,2,11,15,0,10,0
"BR",48,2,2,8,15,1,10,2
"BR",51,2,2,9,15,0,10,1
"BR",51,2,2,17,15,3,10,4
"BR",54,2,2,2,6,1,5,0
"BR",55,2,2,10,15,13,2,1
"BR",58,2,2,3,15,14,1,0
"BR",58,2,2,12,15,12,3,2
"CF",41,2,2,1,15,14,1,0
"CF",41,2,2,11,15,14,1,1
"CF",43,2,2,6,14,14,0,NA
"CF",43,2,2,15,15,15,0,NA
"CF",44,2,2,8,15,9,6,6
"CF",44,2,2,16,15,14,1,0
"CF",46,2,2,7,3,3,0,NA
"CF",47,2,2,4,15,14,1,1
"CF",47,2,2,14,15,15,0,NA
"CF",49,2,2,10,15,13,2,1
"CF",52,2,2,5,5,5,0,NA
"CF",53,2,2,3,15,15,0,NA
"CF",53,2,2,13,15,15,0,NA
"CF",56,2,2,9,15,12,3,3
"CF",56,2,2,17,15,15,0,NA
"CF",58,2,2,2,15,14,1,0
"CF",58,2,2,12,15,14,1,0
"CP3",40,2,2,4,15,8,7,6
"CP3",40,2,2,10,3,1,2,1
"CP3",42,2,2,1,9,1,8,4
"CP3",43,2,2,3,15,2,10,0
"CP3",43,2,2,9,15,4,10,0
"CP3",43,2,2,13,15,7,8,0
"CP3",46,2,2,5,15,9,6,3
"CP3",46,2,2,11,15,8,7,2
"CP3",46,2,2,14,14,10,4,1
"CP3",48,2,2,6,15,4,10,6
"CP3",58,2,2,2,15,10,5,2
"CP3",58,2,2,8,6,5,1,0
"DEM",42,2,2,7,15,14,1,0
"DEM",42,2,2,13,15,14,1,1
"DEM",43,2,2,6,15,12,3,1
"DEM",43,2,2,12,15,15,0,NA
"DEM",46,2,2,3,15,14,1,0
"DEM",46,2,2,9,15,15,0,NA
"DEM",46,2,2,15,15,15,0,NA
"DEM",50,2,2,1,2,1,0,NA
"DEM",51,2,2,5,15,15,0,NA
"DEM",51,2,2,11,15,14,1,1
"DEM",51,2,2,16,15,15,0,NA
"DEM",53,2,2,2,15,13,2,1
"DEM",53,2,2,8,15,15,0,NA
"DEM",53,2,2,14,15,13,2,1
"DEM",56,2,2,4,15,14,1,0
"DEM",56,2,2,10,13,12,1,0
"DLW",41,2,2,8,15,9,6,3
"DLW",41,2,2,17,15,8,7,1
"DLW",43,2,2,5,15,4,10,9
"DLW",43,2,2,14,1,0,1,1
"DLW",45,2,2,2,15,14,1,0
"DLW",45,2,2,11,15,14,1,1
"DLW",47,2,2,9,15,10,4,2
"DLW",48,2,2,7,15,13,2,2
"DLW",48,2,2,16,15,12,3,0
"DLW",51,2,2,1,15,11,4,2
"DLW",51,2,2,10,15,2,10,7
"DLW",53,2,2,3,15,15,0,NA
"DLW",53,2,2,12,15,12,3,2
"DLW",57,2,2,4,15,13,1,0
"DLW",57,2,2,13,15,13,2,1
"DLW",58,2,2,6,15,11,4,3
"DLW",58,2,2,15,15,13,2,1
"EC",41,2,2,4,15,3,10,2
"EC",41,2,2,13,15,2,10,0
"EC",43,2,2,10,15,8,7,5
"EC",43,2,2,17,15,13,2,0
"EC",44,2,2,8,15,0,10,0
"EC",44,2,2,15,11,0,10,0
"EC",46,2,2,7,15,8,6,1
"EC",46,2,2,14,8,5,3,2
"EC",48,2,2,6,2,0,2,2
"EC",49,2,2,2,15,4,10,8
"EC",52,2,2,5,9,2,7,3
"EC",53,2,2,1,15,5,10,6
"EC",53,2,2,11,15,9,6,2
"EC",55,2,2,3,15,12,3,2
"EC",55,2,2,12,15,12,3,2
"EC",57,2,2,9,15,5,10,6
"EC",57,2,2,16,15,8,7,4
"FR",41,2,2,6,15,13,2,2
"FR",41,2,2,15,15,11,4,2
"FR",42,2,2,10,15,9,6,6
"FR",45,2,2,8,15,10,5,1
"FR",45,2,2,17,15,13,2,0
"FR",47,2,2,3,15,12,3,0
"FR",47,2,2,11,11,10,1,0
"FR",48,2,2,2,3,2,1,0
"FR",49,2,2,1,15,13,2,1
"FR",49,2,2,12,8,5,3,2
"FR",51,2,2,9,15,13,2,0
"FR",53,2,2,4,15,14,1,1
"FR",53,2,2,13,15,15,0,NA
"FR",56,2,2,7,15,14,1,1
"FR",56,2,2,16,15,14,1,1
"FR",57,2,2,5,15,13,2,2
"FR",57,2,2,14,15,13,2,1
"GCN",43,2,2,6,15,6,9,7
"GCN",43,2,2,13,15,9,6,3
"GCN",44,2,2,1,5,0,4,1
"GCN",45,2,2,4,15,7,8,5
"GCN",45,2,2,11,15,12,3,1
"GCN",47,2,2,9,15,6,10,6
"GCN",47,2,2,16,15,11,4,1
"GCN",49,2,2,8,15,8,7,3
"GCN",49,2,2,15,15,5,10,2
"GCN",150,2,2,5,15,8,6,2
"GCN",51,2,2,2,13,7,6,4
"GCN",52,2,2,3,15,13,2,1
"GCN",52,2,2,10,12,5,5,0
"GCN",59,2,2,7,15,9,6,0
"GCN",59,2,2,14,15,13,2,0
"KYE",42,2,2,8,15,14,1,0
"KYE",42,2,2,14,15,14,1,0
"KYE",43,2,2,4,8,5,3,0
"KYE",45,2,2,2,15,12,3,3
"KYE",45,2,2,10,4,2,2,1
"KYE",46,2,2,7,14,14,0,NA
"KYE",46,2,2,13,15,11,4,2
"KYE",46,2,2,16,11,7,4,4
"KYE",49,2,2,1,2,0,2,1
"KYE",50,2,2,3,3,1,2,0
"KYE",53,2,2,9,15,11,4,1
"KYE",53,2,2,15,14,14,0,NA
"KYE",58,2,2,6,15,4,10,2
"KYE",58,2,2,12,13,4,9,1
"KYE",59,2,2,5,15,11,4,2
"KYE",59,2,2,11,12,7,5,2
"LCE",40,2,2,3,6,5,1,1
"LCE",42,2,2,2,9,6,3,1
"LCE",43,2,2,6,15,7,8,5
"LCE",43,2,2,7,15,10,5,3
"LCE",43,2,2,8,15,11,4,1
"LCE",43,2,2,9,15,10,5,2
"LCE",48,2,2,4,11,5,6,5
"LCE",53,2,2,1,3,3,0,NA
"LCE",57,2,2,5,4,4,0,NA
"LCW",42,2,2,1,9,4,5,2
"LCW",43,2,2,6,15,12,3,2
"LCW",43,2,2,12,15,13,2,0
"LCW",45,2,2,2,15,12,3,2
"LCW",45,2,2,8,15,3,10,9
"LCW",45,2,2,14,15,14,1,0
"LCW",49,2,2,5,15,12,3,2
"LCW",49,2,2,11,15,12,3,1
"LCW",52,2,2,7,15,13,2,1
"LCW",52,2,2,13,15,15,0,NA
"LCW",58,2,2,3,15,13,2,0
"LCW",58,2,2,9,15,11,4,2
"LCW",58,2,2,15,12,12,0,NA
"LCW",59,2,2,4,15,14,1,1
"LCW",59,2,2,10,15,12,3,2
"LCW",59,2,2,16,15,14,1,0
"LO",41,2,2,7,15,3,10,0
"LO",42,2,2,5,15,8,7,6
"LO",42,2,2,16,15,12,3,0
"LO",44,2,2,4,15,4,10,4
"LO",44,2,2,15,15,5,10,3
"LO",46,2,2,2,15,11,4,1
"LO",46,2,2,13,15,11,4,0
"LO",47,2,2,6,15,3,10,6
"LO",47,2,2,17,15,3,10,1
"LO",49,2,2,10,13,9,4,2
"LO",50,2,2,11,15,3,10,0
"LO",52,2,2,1,15,14,1,0
"LO",52,2,2,12,15,14,1,1
"LO",55,2,2,8,15,14,1,0
"LO",58,2,2,3,14,12,2,1
"LO",58,2,2,14,15,14,1,0
"MC",40,2,2,6,15,5,10,10
"MC",40,2,2,14,15,12,3,1
"MC",43,2,2,5,15,2,10,8
"MC",43,2,2,13,15,7,8,6
"MC",44,2,2,2,11,5,5,0
"MC",45,2,2,4,15,10,5,5
"MC",45,2,2,12,15,13,2,1
"MC",49,2,2,1,15,3,5,5
"MC",49,2,2,10,1,1,0,NA
"MC",52,2,2,8,15,9,6,5
"MC",52,2,2,16,14,10,4,4
"MC",53,2,2,9,15,14,1,0
"MC",53,2,2,17,15,14,1,1
"MC",55,2,2,3,14,11,3,0
"MC",55,2,2,11,15,14,1,1
"MC",59,2,2,7,15,13,2,1
"MC",59,2,2,15,14,14,0,NA
"OKRE",40,2,2,2,14,12,2,1
"OKRE",40,2,2,9,15,11,2,2
"OKRE",40,2,2,16,15,13,2,0
"OKRE",41,2,2,1,15,9,6,5
"OKRE",41,2,2,8,15,13,2,1
"OKRE",41,2,2,15,15,13,2,0
"OKRE",47,2,2,5,15,13,2,0
"OKRE",47,2,2,12,15,15,0,NA
"OKRE",48,2,2,3,15,15,0,NA
"OKRE",48,2,2,10,15,13,2,0
"OKRE",52,2,2,6,15,11,4,1
"OKRE",52,2,2,13,15,15,0,NA
"OKRE",54,2,2,4,15,8,7,6
"OKRE",54,2,2,11,6,2,4,1
"OKRE",59,2,2,7,15,10,5,3
"OKRE",59,2,2,14,15,12,3,1
"OKRW",40,2,2,7,15,11,4,1
"OKRW",40,2,2,15,15,11,4,0
"OKRW",41,2,2,4,15,12,3,2
"OKRW",41,2,2,12,15,15,0,NA
"OKRW",44,2,2,1,6,3,3,3
"OKRW",45,2,2,5,15,7,7,7
"OKRW",45,2,2,13,15,14,1,1
"OKRW",46,2,2,3,15,11,3,2
"OKRW",46,2,2,11,15,14,1,1
"OKRW",52,2,2,6,15,4,10,9
"OKRW",52,2,2,14,15,13,2,1
"OKRW",54,2,2,9,15,13,2,2
"OKRW",54,2,2,17,15,13,2,1
"OKRW",56,2,2,2,15,8,7,5
"OKRW",56,2,2,10,9,5,4,3
"OKRW",59,2,2,8,15,12,3,2
"OKRW",59,2,2,16,15,14,1,1
"OSR",41,2,2,5,15,13,2,2
"OSR",41,2,2,14,15,15,0,NA
"OSR",42,2,2,6,1,1,0,NA
"OSR",44,2,2,8,15,10,5,1
"OSR",45,2,2,7,13,8,5,2
"OSR",49,2,2,9,15,13,2,2
"OSR",49,2,2,15,15,12,3,0
"OSR",49,2,2,16,15,15,0,NA
"OSR",50,2,2,2,15,15,0,NA
"OSR",50,2,2,11,2,1,1,0
"OSR",52,2,2,4,15,12,3,0
"OSR",52,2,2,13,15,11,4,0
"OSR",56,2,2,3,15,10,5,0
"OSR",56,2,2,12,15,13,2,0
"OSR",58,2,2,1,15,14,1,0
"OSR",58,2,2,10,15,11,4,2
"S22",41,2,2,2,15,0,10,2
"S22",41,2,2,12,15,1,10,1
"S22",42,2,2,8,15,8,7,3
"S22",43,2,2,7,15,4,10,9
"S22",43,2,2,17,15,12,3,1
"S22",45,2,2,9,15,8,7,2
"S22",47,2,2,6,15,1,10,7
"S22",47,2,2,16,15,3,10,1
"S22",48,2,2,1,15,3,10,6
"S22",48,2,2,11,6,5,1,0
"S22",51,2,2,5,15,1,10,3
"S22",51,2,2,15,15,9,6,1
"S22",52,2,2,3,15,5,10,6
"S22",52,2,2,13,15,3,10,1
"S22",57,2,2,10,15,2,10,8
"S22",59,2,2,4,15,5,10,4
"S22",59,2,2,14,15,2,10,1
"SM",40,2,2,1,15,1,10,1
"SM",43,2,2,2,15,8,7,2
"SM",43,2,2,11,13,2,10,7
"SM",45,2,2,6,4,1,3,2
"SM",46,2,2,4,15,1,10,10
"SM",46,2,2,13,15,1,10,8
"SM",47,2,2,8,15,2,10,7
"SM",47,2,2,16,5,0,5,4
"SM",48,2,2,3,15,9,6,4
"SM",48,2,2,12,15,9,6,1
"SM",52,2,2,9,15,3,10,3
"SM",52,2,2,17,15,4,10,5
"SM",54,2,2,7,15,0,10,1
"SM",54,2,2,15,6,0,6,0
"SM",57,2,2,10,15,4,10,8
"SM",59,2,2,5,15,0,10,7
"SM",59,2,2,14,15,7,8,2
"URS",41,2,2,2,2,2,0,NA
"URS",43,2,2,3,15,12,3,3
"URS",43,2,2,10,15,11,4,1
"URS",43,2,2,16,15,13,2,0
"URS",45,2,2,7,15,12,3,3
"URS",45,2,2,14,15,14,1,0
"URS",47,2,2,5,15,3,10,6
"URS",47,2,2,12,15,4,10,0
"URS",48,2,2,6,15,12,3,2
"URS",48,2,2,13,15,13,2,0
"URS",50,2,2,8,15,3,10,1
"URS",50,2,2,15,15,5,10,2
"URS",56,2,2,1,7,2,5,2
"URS",57,2,2,4,15,14,1,0
"URS",57,2,2,11,15,13,2,0
"GCN",150,2,2,12,15,8,7,1
"BG",61,3,1,3,15,12,3,1
"BG",61,3,1,12,15,12,3,1
"BG",62,3,1,9,15,14,1,1
"BG",62,3,1,17,15,13,2,0
"BG",63,3,1,2,4,4,0,NA
"BG",64,3,1,1,15,12,3,2
"BG",64,3,1,11,6,4,2,1
"BG",65,3,1,5,15,8,7,4
"BG",65,3,1,14,15,9,6,2
"BG",66,3,1,6,10,7,3,2
"BG",67,3,1,8,15,12,3,1
"BG",67,3,1,16,15,6,9,7
"BG",68,3,1,4,15,5,10,8
"BG",68,3,1,13,15,10,5,3
"BG",69,3,1,7,15,6,9,8
"BG",69,3,1,15,15,7,8,8
"BG",70,3,1,10,15,9,6,6
"BR",61,3,1,3,15,13,2,1
"BR",61,3,1,13,15,6,9,7
"BR",62,3,1,7,15,5,10,2
"BR",62,3,1,16,15,3,10,1
"BR",63,3,1,10,15,5,10,5
"BR",64,3,1,5,15,7,8,5
"BR",65,3,1,2,15,10,5,1
"BR",65,3,1,12,11,9,2,0
"BR",66,3,1,4,14,10,4,3
"BR",66,3,1,14,15,9,6,3
"BR",67,3,1,6,15,1,9,1
"BR",67,3,1,15,15,2,10,4
"BR",68,3,1,1,15,0,10,0
"BR",68,3,1,11,15,0,10,0
"BR",69,3,1,9,15,8,7,2
"BR",70,3,1,8,15,14,1,1
"BR",70,3,1,17,15,14,1,0
"CF",61,3,1,6,15,12,3,1
"CF",61,3,1,15,4,3,1,0
"CF",62,3,1,4,15,14,1,0
"CF",62,3,1,13,15,12,3,1
"CF",63,3,1,3,15,15,0,NA
"CF",63,3,1,12,15,15,0,NA
"CF",64,3,1,1,15,12,3,0
"CF",64,3,1,11,15,12,3,0
"CF",65,3,1,10,15,12,3,1
"CF",66,3,1,5,15,15,0,NA
"CF",66,3,1,14,15,14,1,0
"CF",67,3,1,2,12,11,1,0
"CF",68,3,1,7,15,15,0,NA
"CF",68,3,1,16,15,15,0,NA
"CF",69,3,1,9,15,14,1,0
"CF",69,3,1,17,15,13,2,0
"CF",70,3,1,8,7,6,1,0
"CP3",61,3,1,1,5,1,4,0
"CP3",62,3,1,3,15,13,2,1
"CP3",62,3,1,11,15,11,4,4
"CP3",63,3,1,6,15,6,9,5
"CP3",63,3,1,14,15,12,3,2
"CP3",64,3,1,7,15,9,6,3
"CP3",64,3,1,15,15,8,7,5
"CP3",65,3,1,9,15,13,2,0
"CP3",65,3,1,17,15,14,1,0
"CP3",66,3,1,8,15,11,4,4
"CP3",66,3,1,16,15,14,1,0
"CP3",68,3,1,5,15,7,6,2
"CP3",68,3,1,13,15,8,7,1
"CP3",69,3,1,2,15,12,3,1
"CP3",69,3,1,10,15,6,9,8
"CP3",70,3,1,4,15,7,8,7
"CP3",70,3,1,12,15,12,3,2
"DEM",61,3,1,8,15,5,10,10
"DEM",61,3,1,14,15,6,9,3
"DEM",62,3,1,6,15,6,9,8
"DEM",62,3,1,12,6,0,6,5
"DEM",63,3,1,7,15,13,2,1
"DEM",63,3,1,13,15,11,4,1
"DEM",64,3,1,9,15,6,9,8
"DEM",64,3,1,15,1,0,1,0
"DEM",65,3,1,1,2,1,1,1
"DEM",66,3,1,3,5,3,2,0
"DEM",67,3,1,4,12,6,6,1
"DEM",68,3,1,10,15,13,2,1
"DEM",68,3,1,16,15,11,4,0
"DEM",69,3,1,2,9,7,2,0
"DEM",70,3,1,5,15,12,3,1
"DEM",70,3,1,11,15,13,2,2
"DLW",61,3,1,2,15,14,1,1
"DLW",61,3,1,11,15,9,6,3
"DLW",62,3,1,5,15,12,2,0
"DLW",62,3,1,14,15,13,2,0
"DLW",63,3,1,3,15,14,1,0
"DLW",63,3,1,12,15,14,1,0
"DLW",64,3,1,4,15,10,5,5
"DLW",64,3,1,13,15,13,2,2
"DLW",65,3,1,9,15,9,6,5
"DLW",65,3,1,17,15,10,5,3
"DLW",66,3,1,6,15,8,7,3
"DLW",66,3,1,15,15,12,3,3
"DLW",67,3,1,7,15,0,10,6
"DLW",67,3,1,16,15,0,10,5
"DLW",68,3,1,1,15,13,2,0
"DLW",68,3,1,10,15,13,2,1
"DLW",69,3,1,8,6,5,1,1
"EC",61,3,1,9,15,1,10,7
"EC",61,3,1,16,15,9,6,2
"EC",62,3,1,10,15,1,10,9
"EC",62,3,1,17,2,1,1,0
"EC",63,3,1,2,15,5,9,1
"EC",63,3,1,12,14,4,10,2
"EC",64,3,1,8,15,12,3,2
"EC",64,3,1,15,15,8,7,7
"EC",65,3,1,6,2,0,2,1
"EC",66,3,1,1,15,10,5,0
"EC",66,3,1,11,15,11,4,2
"EC",67,3,1,3,15,6,9,2
"EC",67,3,1,13,15,10,5,1
"EC",68,3,1,4,15,7,8,5
"EC",68,3,1,14,8,6,2,1
"EC",69,3,1,7,10,2,7,2
"EC",70,3,1,5,15,8,7,6
"FR",61,3,1,7,15,11,4,1
"FR",61,3,1,16,15,12,3,0
"FR",62,3,1,5,15,14,1,0
"FR",62,3,1,14,15,11,4,1
"FR",63,3,1,10,15,7,8,4
"FR",64,3,1,4,15,13,2,2
"FR",64,3,1,13,14,13,1,0
"FR",65,3,1,3,15,11,1,0
"FR",65,3,1,12,5,4,1,1
"FR",66,3,1,9,15,10,5,5
"FR",66,3,1,17,15,13,2,1
"FR",67,3,1,6,15,11,3,0
"FR",67,3,1,15,7,3,4,2
"FR",68,3,1,2,15,10,5,2
"FR",68,3,1,11,15,11,4,0
"FR",69,3,1,1,3,1,2,1
"FR",70,3,1,8,15,8,7,5
"GCN",61,3,1,10,15,10,5,4
"GCN",62,3,1,4,15,5,10,8
"GCN",62,3,1,13,15,10,5,1
"GCN",63,3,1,9,15,6,9,9
"GCN",64,3,1,7,14,11,3,2
"GCN",64,3,1,16,15,13,2,0
"GCN",65,3,1,5,15,4,10,8
"GCN",65,3,1,14,15,12,3,3
"GCN",66,3,1,3,15,11,4,3
"GCN",66,3,1,12,12,7,5,2
"GCN",67,3,1,6,15,4,10,7
"GCN",67,3,1,15,15,12,3,2
"GCN",68,3,1,2,15,11,4,2
"GCN",68,3,1,11,15,11,4,1
"GCN",69,3,1,1,12,4,8,1
"GCN",70,3,1,8,15,13,2,2
"GCN",70,3,1,17,15,14,1,0
"KYE",61,3,1,7,15,3,10,8
"KYE",62,3,1,6,15,8,7,5
"KYE",62,3,1,16,15,9,6,3
"KYE",63,3,1,3,15,8,7,5
"KYE",63,3,1,13,15,9,6,1
"KYE",64,3,1,10,14,1,10,8
"KYE",65,3,1,8,15,5,8,4
"KYE",66,3,1,4,15,3,10,10
"KYE",66,3,1,14,15,10,5,4
"KYE",67,3,1,5,15,8,7,5
"KYE",67,3,1,15,15,12,3,2
"KYE",68,3,1,2,15,4,10,10
"KYE",68,3,1,12,15,9,6,4
"KYE",69,3,1,9,15,11,4,4
"KYE",69,3,1,17,15,14,1,0
"KYE",70,3,1,1,15,6,9,8
"KYE",70,3,1,11,15,11,4,3
"LCE",61,3,1,3,15,13,2,2
"LCE",61,3,1,12,15,15,0,NA
"LCE",62,3,1,4,15,9,6,6
"LCE",62,3,1,13,15,11,4,2
"LCE",63,3,1,8,15,9,6,5
"LCE",64,3,1,7,15,8,7,6
"LCE",64,3,1,16,15,3,10,7
"LCE",64,3,1,17,15,11,4,1
"LCE",65,3,1,6,15,4,10,10
"LCE",65,3,1,15,15,13,2,1
"LCE",67,3,1,5,15,3,10,10
"LCE",67,3,1,14,15,10,5,3
"LCE",68,3,1,9,15,5,10,9
"LCE",69,3,1,2,15,12,3,3
"LCE",69,3,1,11,15,7,8,8
"LCE",70,3,1,1,15,14,1,1
"LCE",70,3,1,10,15,4,10,10
"LCW",61,3,1,4,15,9,6,5
"LCW",61,3,1,12,15,14,1,0
"LCW",62,3,1,2,15,13,2,1
"LCW",62,3,1,7,8,6,2,0
"LCW",63,3,1,1,15,8,6,2
"LCW",63,3,1,6,15,11,4,3
"LCW",63,3,1,10,15,6,9,7
"LCW",64,3,1,3,15,6,8,2
"LCW",64,3,1,8,15,10,5,4
"LCW",64,3,1,9,15,11,4,3
"LCW",64,3,1,11,3,2,1,0
"LCW",68,3,1,5,15,0,10,0
"LO",61,3,1,1,15,11,2,2
"LO",61,3,1,11,15,10,5,1
"LO",62,3,1,3,15,12,3,1
"LO",62,3,1,14,15,15,0,NA
"LO",63,3,1,10,15,15,0,NA
"LO",64,3,1,4,4,1,3,2
"LO",65,3,1,6,15,14,0,NA
"LO",65,3,1,15,15,15,0,NA
"LO",66,3,1,8,15,13,2,0
"LO",66,3,1,17,15,13,2,0
"LO",67,3,1,7,15,14,1,0
"LO",67,3,1,16,15,14,1,0
"LO",68,3,1,5,15,13,2,0
"LO",68,3,1,13,15,13,2,1
"LO",69,3,1,2,15,13,2,1
"LO",69,3,1,12,15,15,0,NA
"LO",70,3,1,9,15,14,1,1
"MC",61,3,1,10,11,4,7,4
"MC",62,3,1,4,15,11,4,2
"MC",62,3,1,11,15,11,4,1
"MC",62,3,1,17,15,9,6,1
"MC",63,3,1,6,15,4,10,3
"MC",63,3,1,13,9,2,7,2
"MC",64,3,1,5,15,13,2,0
"MC",64,3,1,12,15,14,1,1
"MC",65,3,1,2,2,0,2,0
"MC",66,3,1,9,15,12,3,2
"MC",66,3,1,16,14,6,8,3
"MC",67,3,1,8,15,9,6,1
"MC",67,3,1,15,3,0,3,1
"MC",68,3,1,1,10,6,4,2
"MC",69,3,1,7,15,3,10,0
"MC",69,3,1,14,15,11,4,0
"MC",70,3,1,3,1,1,0,NA
"OKRE",61,3,1,9,15,2,10,9
"OKRE",61,3,1,17,15,13,2,1
"OKRE",62,3,1,6,13,9,4,4
"OKRE",63,3,1,3,15,5,10,0
"OKRE",63,3,1,13,5,0,5,0
"OKRE",64,3,1,8,15,11,3,3
"OKRE",65,3,1,1,15,13,2,2
"OKRE",65,3,1,11,15,9,6,3
"OKRE",66,3,1,4,15,7,8,6
"OKRE",66,3,1,14,15,13,2,1
"OKRE",67,3,1,2,15,14,1,0
"OKRE",67,3,1,12,14,13,1,1
"OKRE",68,3,1,7,15,7,8,4
"OKRE",68,3,1,16,15,11,4,1
"OKRE",69,3,1,5,15,13,2,1
"OKRE",69,3,1,15,12,3,9,9
"OKRE",70,3,1,10,15,12,3,3
"OKRW",61,3,1,6,15,6,9,6
"OKRW",61,3,1,13,15,8,7,7
"OKRW",62,3,1,2,15,15,0,NA
"OKRW",62,3,1,9,14,6,8,8
"OKRW",64,3,1,3,15,4,10,5
"OKRW",64,3,1,10,12,3,9,7
"OKRW",66,3,1,8,15,11,4,3
"OKRW",66,3,1,15,15,12,3,3
"OKRW",67,3,1,1,2,2,0,NA
"OKRW",68,3,1,4,15,9,6,2
"OKRW",68,3,1,11,15,12,3,2
"OKRW",68,3,1,16,13,11,2,0
"OKRW",69,3,1,7,15,12,3,2
"OKRW",69,3,1,14,15,8,7,3
"OKRW",70,3,1,5,15,6,9,9
"OKRW",70,3,1,12,15,14,1,1
"OSR",61,3,1,7,3,0,3,0
"OSR",62,3,1,4,15,4,10,9
"OSR",62,3,1,14,15,13,2,0
"OSR",63,3,1,1,15,12,3,0
"OSR",63,3,1,11,15,12,3,2
"OSR",64,3,1,5,10,3,6,2
"OSR",65,3,1,3,15,13,2,1
"OSR",65,3,1,13,15,11,4,0
"OSR",66,3,1,6,15,13,2,0
"OSR",66,3,1,15,15,14,1,1
"OSR",67,3,1,10,15,11,4,1
"OSR",68,3,1,2,15,5,10,0
"OSR",68,3,1,12,15,9,6,1
"OSR",69,3,1,8,15,12,3,2
"OSR",69,3,1,16,15,12,3,2
"OSR",70,3,1,9,15,9,6,5
"OSR",70,3,1,17,15,14,1,0
"S22",61,3,1,7,12,3,9,4
"S22",61,3,1,14,15,2,10,1
"S22",62,3,1,8,13,5,8,2
"S22",62,3,1,15,13,8,5,2
"S22",63,3,1,10,15,9,6,5
"S22",63,3,1,16,3,2,1,0
"S22",64,3,1,3,15,4,10,7
"S22",64,3,1,11,7,2,5,2
"S22",65,3,1,5,15,8,7,4
"S22",65,3,1,13,15,8,7,5
"S22",66,3,1,1,11,2,9,5
"S22",67,3,1,2,11,6,5,2
"S22",68,3,1,6,9,3,6,2
"S22",69,3,1,9,9,0,9,1
"S22",70,3,1,4,15,1,10,10
"S22",70,3,1,12,15,10,5,5
"SM",61,3,1,6,15,0,10,0
"SM",62,3,1,8,8,4,4,4
"SM",63,3,1,1,4,0,4,0
"SM",64,3,1,3,15,2,2,0
"SM",66,3,1,9,15,8,7,1
"SM",66,3,1,13,4,0,4,0
"SM",67,3,1,5,15,0,10,0
"SM",67,3,1,11,14,0,10,1
"SM",68,3,1,4,15,4,10,8
"SM",68,3,1,10,1,0,1,1
"SM",69,3,1,2,7,0,7,1
"SM",70,3,1,7,15,7,8,3
"SM",70,3,1,12,8,6,2,0
"URS",61,3,1,3,15,13,2,0
"URS",61,3,1,12,15,14,1,0
"URS",62,3,1,5,15,14,1,0
"URS",62,3,1,14,15,14,1,0
"URS",63,3,1,2,15,13,2,1
"URS",63,3,1,11,15,11,4,2
"URS",64,3,1,4,15,8,7,5
"URS",64,3,1,13,15,13,2,0
"URS",66,3,1,1,15,10,5,3
"URS",66,3,1,10,15,13,2,1
"URS",67,3,1,9,15,9,6,4
"URS",67,3,1,17,15,12,3,1
"URS",68,3,1,8,3,3,0,NA
"URS",69,3,1,7,15,12,3,3
"URS",69,3,1,16,15,11,4,3
"URS",70,3,1,6,15,10,5,4
"URS",70,3,1,15,15,8,7,6
